step,robot x,robot z,robot yaw,gpt decision,concentration,front obstacle,reasoning
1,-1.0,-1.5,90.0,1,0.0122,No,"##### 
Visual Analysis:
The image provided shows a kitchen environment with a countertop and some kitchen appliances. A potential source of rotten smell could be in this area, such as a garbage bin or food left out, but no specific object is identifiable as the source from the image. The path ahead appears clear of obstacles.

##### 
Olfactory Analysis:
The odor concentration has remained constant (0.0122 at both previous and current readings), indicating no change in proximity to the smell source. According to the guidelines, if the concentration stays the same, the focus should be on visual and navigation analysis.

#####
Navigation Analysis:
The obstacle data indicates that the front, right, and left directions are clear. Since the forward direction is obstacle-free, and no previous action has obstructed progress, moving forward remains a viable option.

#####
Selected Action:
1"
2,-0.25,-1.5,90.0,4,0.0093,No,"##### 
Visual Analysis:
I donâ€™t see any object in the image that is a specific source for a rotten smell. The path is clear in the forward direction.

##### 
Olfactory Analysis:
The odor concentration has decreased from 0.0122 to 0.0093, indicating that moving forward might not be the best choice. Turning back might be more effective in relocating the smell source.

##### 
Navigation Analysis:
The forward path is obstacle-free, and the last action was to move forward. However, since the concentration has decreased, opting to turn back is advisable to investigate the previous path for higher concentration.

##### 
Selected Action:
4"
3,-0.25,-1.5,270.0,1,0.0093,No,"I'm unable to analyze the image content directly. However, here's a structured response based on the provided information and typical scenarios:

##### 
Visual Analysis:
- Unable to identify objects in the image due to image content access limitations.
- Assume no specific object indicative of a rotten smell is identified visually.

##### 
Olfactory Analysis:
- Odor concentration has remained the same (0.0093).
- No change in concentration suggests using visual or navigation inputs for the next decision.

##### 
Navigation Analysis:
- Front is obstacle-free.
- Last action was to turn back (Action_id = 4), suggesting a new direction could be beneficial.
- Moving forward is a viable option given there are no obstacles.

##### 
Selected Action:
1"
4,-1.0,-1.5,270.0,2,0.0122,Yes,"I'm unable to visually analyze the image or provide descriptions of what might be in it. However, I can assist with the reasoning based on the provided data:

##### 
Visual Analysis:
- I can't analyze or identify objects in the image. (Please ensure you have examined it for any potential smell sources that could influence the decision).

##### 
Olfactory Analysis:
- The odor concentration has increased from 0.0093 to 0.0122.
- Since the concentration has increased and moving forward is blocked, visual context would determine the next steps for approaching or avoiding obstacles.

##### 
Navigation Analysis:
- The current action table indicates that moving forward is blocked by an obstacle.
- The last action was ""Move Forward,"" and since forward is not possible due to an obstacle, the robot should turn to a side with no obstacle.
- Both the right and left directions are free of obstacles. Therefore, the robot should choose either turn based on likelihood derived from other factors which I can't analyze (like visual input).

##### 
Selected Action:
2

"
5,-1.0,-1.5,-9.659345778345596e-06,1,0.0122,No,"##### 
Visual Analysis:
In the image, the view includes a kitchen setting with items like a counter and cupboards. However, no specific object is clearly identified as a potential source of a rotten smell.

##### 
Olfactory Analysis:
The odor concentration has remained the same, indicating no movement towards or away from the source. This suggests relying more on visual cues and navigation to decide the next move.

#####
Navigation Analysis:
There are no obstacles in the forward direction, and since the last action was to turn right (Action_id = 2), moving forward to explore further makes sense.

#####
Selected Action:
1"
6,-1.0,-0.75,-9.659345778345596e-06,1,0.0318,No,"#####
Visual Analysis:
The image shows a kitchen with potential sources of a rotten smell such as a waste bin or food items on the counter. The front direction seems obstacle-free.

#####
Olfactory Analysis:
The odor concentration has increased from 0.0122 to 0.0318. This suggests the robot is moving in the right direction. Since the front is obstacle-free, moving forward is advisable.

#####
Navigation Analysis:
The forward direction is clear of obstacles according to the Action Table, and moving forward was the last action taken. With increased odor concentration, continuing in this direction is logical.

#####
Selected Action:
1"
7,-1.0,-0.0,-9.659345778345596e-06,1,0.0874,No,"#####
Visual Analysis:
The image shows a kitchen with appliances. There is no clear visible source of a rotten smell like garbage or spoiled food. No obstacles visible directly in the path.

#####
Olfactory Analysis:
The odor concentration has increased from 0.0318 to 0.0874, suggesting that the robot is moving closer to the source. Since there is no obstacle in front, moving forward is advisable.

#####
Navigation Analysis:
The action table indicates that moving forward is obstacle-free (Action_id = 1). The last action was also to move forward, which suggests continuation in this direction is optimal.

#####
Selected Action:
1"
8,-1.0,0.5,-9.659345778345596e-06,1,0.178,No,"``` 
##### 
Visual Analysis:
There is no clear object visible that could be the source of a rotten smell in the image.

##### 
Olfactory Analysis:
The odor concentration has increased from 0.0874 to 0.178. Since the concentration is increasing and the front is obstacle-free, it is advisable to move forward to continue in the direction of the stronger odor.

#####
Navigation Analysis:
The front is obstacle-free according to the action table, and the last action was also moving forward. Since there is no obstacle, moving forward remains a feasible action.

#####
Selected Action:
1
```"
9,-1.0,1.0,-9.659345778345596e-06,1,0.3746,No,"```
##### 
Visual Analysis:
The image shows a door, which might not be a direct source of the rotten smell but could lead to another room with the source. No explicit object emitting odor is visible.
...
##### 
Olfactory Analysis:
The odor concentration increased from 0.178 to 0.3746, indicating the source might be closer. The front is obstacle free.
...
#####
Navigation Analysis:
The forward direction is clear of obstacles. The last action was moving forward, and continuing in the same direction aligns with the increasing odor concentration.
...
#####
Selected Action:
1
```"
10,-1.0,1.25,-9.659345778345596e-06,1,0.5448,No,"##### 
Visual Analysis:
There is no visible object in the image that can be identified as a potential source of a rotten smell.

##### 
Olfactory Analysis:
The odor concentration has increased from 0.3746 to 0.5448. This suggests moving forward as the odor is getting stronger and the front is obstacle-free.

##### 
Navigation Analysis:
The forward direction is clear of obstacles. The last action was moving forward (Action_id = 1), and it is appropriate to continue in that direction considering the olfactory information.

##### 
Selected Action:
1"
11,-1.0,1.5,-9.659345778345596e-06,1,0.7759,No,"##### 
Visual Analysis:
The image shows a door, which does not appear to be a source of a rotten smell. There are no indications of an object typically associated with a rotten smell, such as food waste or garbage.

##### 
Olfactory Analysis:
The odor concentration has increased from 0.5448 to 0.7759, indicating that the robot is moving closer to the source of the smell. Since the concentration is increasing and the path forward is obstacle-free, moving forward is recommended.

#####
Navigation Analysis:
The forward direction is clear of obstacles. Since the last action was to move forward and there are no obstructions, continuing to move forward is optimal.

#####
Selected Action:
1"
12,-1.0,1.75,-9.659345778345596e-06,1,1.0304,No,"##### 
Visual Analysis:
The image shows a closed door. No specific object related to a rotten smell is visible.

##### 
Olfactory Analysis:
The odor concentration has increased from 0.7759 to 1.0304. This suggests that the robot is moving closer to the source of the smell. Since there is no obstacle in front, moving forward is a good option.

##### 
Navigation Analysis:
The path forward is obstacle-free, so continuing in the same direction by moving forward is logical given the increase in odor concentration.

##### 
Selected Action:
1"
